DROP TABLE IF EXISTS `cpms_code_project`;

CREATE TABLE `cpms_code_project` (
  `project_id` bigint(64) unsigned NOT NULL COMMENT '主键',
  `project_name` varchar(100) NOT NULL COMMENT '项目名称',
  `project_port` int(11) NOT NULL DEFAULT '8080' COMMENT '服务端口',
  `package_name` varchar(100) NOT NULL COMMENT '项目基础包名',
  `file_encoding` varchar(10) NOT NULL DEFAULT 'UTF-8' COMMENT '文件编码',
  `jdk_version` varchar(10) NOT NULL DEFAULT '1.8' COMMENT 'jdk版本',
  `context_path` varchar(100) DEFAULT NULL COMMENT '项目访问路径的上下文',
  `group_id` varchar(50) DEFAULT NULL COMMENT '项目groupId',
  `artifact_id` varchar(50) NOT NULL COMMENT '项目artifactId',
  `version` varchar(20) NOT NULL DEFAULT '1.0.0' COMMENT '项目版本号',
  `project_desc` varchar(500) DEFAULT NULL COMMENT '项目描述',
  `team_name` varchar(100) DEFAULT NULL COMMENT '项目所属团队',
  `leader` varchar(100) DEFAULT NULL COMMENT '项目负责人',
  `del_flag` tinyint(3) NOT NULL DEFAULT '0' COMMENT '0-未删除，1-已删除',
  `create_time` datetime NOT NULL DEFAULT CURRENT_TIMESTAMP COMMENT '创建时间',
  `update_time` datetime NOT NULL DEFAULT CURRENT_TIMESTAMP ON UPDATE CURRENT_TIMESTAMP COMMENT '更新时间',
  `create_by` varchar(50) DEFAULT NULL COMMENT '创建人',
  `update_by` varchar(50) DEFAULT NULL COMMENT '更新人',
  PRIMARY KEY (`project_id`)
) ENGINE=InnoDB DEFAULT CHARSET=utf8mb4 COMMENT='项目基础信息配置表';

/*Data for the table `cpms_code_project` */

insert  into `cpms_code_project`(`project_id`,`project_name`,`project_port`,`package_name`,`file_encoding`,`jdk_version`,`context_path`,`group_id`,`artifact_id`,`version`,`project_desc`,`team_name`,`leader`,`del_flag`,`create_time`,`update_time`,`create_by`,`update_by`) values (1492032178107297793,'gencode',9026,'com.cpms.gencode','UTF-8','1.8','/gencode','com.cpms','cpms-gencode','1.0.0','测试数据','','',0,'2022-02-11 15:06:07','2022-02-26 20:22:56','CS888888','CS888888');

/*Table structure for table `cpms_code_project_db` */

DROP TABLE IF EXISTS `cpms_code_project_db`;

CREATE TABLE `cpms_code_project_db` (
  `db_id` bigint(64) unsigned NOT NULL COMMENT '主键',
  `project_id` bigint(64) unsigned NOT NULL COMMENT '所属项目id',
  `db_driver_class` varchar(20) NOT NULL COMMENT '数据库驱动类型：1-MySQL',
  `db_ip` varchar(200) NOT NULL COMMENT '数据库：ip',
  `db_port` int(11) NOT NULL DEFAULT '3306' COMMENT '数据库：端口',
  `db_name` varchar(50) NOT NULL COMMENT '数据库：库名',
  `db_user` varchar(20) NOT NULL COMMENT '数据库：用户名',
  `db_password` varchar(100) NOT NULL COMMENT '数据库：密码',
  `db_primary` tinyint(3) NOT NULL DEFAULT '0' COMMENT '是否为项目主库：0-不是，1-是',
  `del_flag` tinyint(3) NOT NULL DEFAULT '0' COMMENT '0-未删除，1-已删除',
  `create_time` datetime NOT NULL DEFAULT CURRENT_TIMESTAMP COMMENT '创建时间',
  `update_time` datetime NOT NULL DEFAULT CURRENT_TIMESTAMP ON UPDATE CURRENT_TIMESTAMP COMMENT '更新时间',
  `create_by` varchar(50) DEFAULT NULL COMMENT '创建人',
  `update_by` varchar(50) DEFAULT NULL COMMENT '更新人',
  PRIMARY KEY (`db_id`)
) ENGINE=InnoDB DEFAULT CHARSET=utf8mb4 COMMENT='项目数据库信息配置表';

/*Data for the table `cpms_code_project_db` */

insert  into `cpms_code_project_db`(`db_id`,`project_id`,`db_driver_class`,`db_ip`,`db_port`,`db_name`,`db_user`,`db_password`,`db_primary`,`del_flag`,`create_time`,`update_time`,`create_by`,`update_by`) values (1492032178107297795,1492032178107297793,'1','127.0.0.1',3306,'cpms-lowcode','root','root',1,0,'2022-02-26 20:22:56','2022-02-26 20:22:56','CS888888','CS888888');

/*Table structure for table `cpms_code_table` */

DROP TABLE IF EXISTS `cpms_code_table`;

CREATE TABLE `cpms_code_table` (
  `table_id` bigint(64) unsigned NOT NULL COMMENT '主键',
  `db_id` bigint(64) unsigned NOT NULL COMMENT '所属数据库id',
  `table_name` varchar(100) NOT NULL COMMENT '表名称',
  `table_comment` varchar(100) DEFAULT NULL COMMENT '表描述',
  `class_name` varchar(100) NOT NULL COMMENT '实体类名',
  `module_name` varchar(100) NOT NULL COMMENT '模块名称',
  `del_flag` tinyint(3) NOT NULL DEFAULT '0' COMMENT '0-未删除，1-已删除',
  `create_time` datetime NOT NULL DEFAULT CURRENT_TIMESTAMP COMMENT '创建时间',
  `update_time` datetime NOT NULL DEFAULT CURRENT_TIMESTAMP ON UPDATE CURRENT_TIMESTAMP COMMENT '更新时间',
  `create_by` varchar(50) DEFAULT NULL COMMENT '创建人',
  `update_by` varchar(50) DEFAULT NULL COMMENT '更新人',
  PRIMARY KEY (`table_id`)
) ENGINE=InnoDB DEFAULT CHARSET=utf8mb4 COMMENT='代码生成业务表';

/*Data for the table `cpms_code_table` */

insert  into `cpms_code_table`(`table_id`,`db_id`,`table_name`,`table_comment`,`class_name`,`module_name`,`del_flag`,`create_time`,`update_time`,`create_by`,`update_by`) values (1496466324544045057,1492032178107297795,'cpms_code_table_column','代码生成业务表字段','CpmsCodeTableColumn','cpmscodetablecolumn',0,'2022-02-23 20:45:49','2022-02-23 20:45:49','CS888888','CS888888'),(1496466324560822274,1492032178107297795,'cpms_code_project','项目基础信息配置表','CpmsCodeProject','cpmscodeproject',0,'2022-02-23 20:45:49','2022-02-23 20:45:49','CS888888','CS888888'),(1496466324560822275,1492032178107297795,'cpms_code_table','代码生成业务表','CpmsCodeTable','cpmscodetable',0,'2022-02-23 20:45:49','2022-02-23 20:45:49','CS888888','CS888888'),(1496466324560822276,1492032178107297795,'cpms_code_project_db','项目数据库信息配置表','CpmsCodeProjectDb','cpmscodeprojectdb',0,'2022-02-23 20:45:49','2022-02-23 20:45:49','CS888888','CS888888');

/*Table structure for table `cpms_code_table_column` */

DROP TABLE IF EXISTS `cpms_code_table_column`;

CREATE TABLE `cpms_code_table_column` (
  `column_id` bigint(64) unsigned NOT NULL COMMENT '主键',
  `table_id` bigint(64) unsigned NOT NULL COMMENT '归属表id',
  `column_name` varchar(100) NOT NULL COMMENT '列名称',
  `java_field` varchar(100) NOT NULL COMMENT 'JAVA字段名',
  `column_type` varchar(100) NOT NULL COMMENT '列类型',
  `java_type` varchar(100) NOT NULL COMMENT 'JAVA类型',
  `if_pk` tinyint(3) NOT NULL DEFAULT '0' COMMENT '是否主键: 0-不是，1-是',
  `if_increment` tinyint(3) NOT NULL DEFAULT '0' COMMENT '是否自增: 0-不是，1-是',
  `column_comment` varchar(100) DEFAULT NULL COMMENT '列描述',
  `sort` int(11) NOT NULL DEFAULT '0' COMMENT '排序',
  `del_flag` tinyint(3) NOT NULL DEFAULT '0' COMMENT '0-未删除，1-已删除',
  `create_time` datetime NOT NULL DEFAULT CURRENT_TIMESTAMP COMMENT '创建时间',
  `update_time` datetime NOT NULL DEFAULT CURRENT_TIMESTAMP ON UPDATE CURRENT_TIMESTAMP COMMENT '更新时间',
  `create_by` varchar(64) DEFAULT '' COMMENT '创建者',
  `update_by` varchar(64) DEFAULT '' COMMENT '更新者',
  PRIMARY KEY (`column_id`)
) ENGINE=InnoDB DEFAULT CHARSET=utf8mb4 COMMENT='代码生成业务表字段';

/*Data for the table `cpms_code_table_column` */

insert  into `cpms_code_table_column`(`column_id`,`table_id`,`column_name`,`java_field`,`column_type`,`java_type`,`if_pk`,`if_increment`,`column_comment`,`sort`,`del_flag`,`create_time`,`update_time`,`create_by`,`update_by`) values (1496466324627931138,1496466324560822274,'project_id','projectId','bigint','Long',1,0,'主键',0,0,'2022-02-23 20:45:49','2022-02-23 20:45:49','CS888888','CS888888'),(1496466324627931139,1496466324560822274,'project_name','projectName','varchar','String',0,0,'项目名称',0,0,'2022-02-23 20:45:49','2022-02-23 20:45:49','CS888888','CS888888'),(1496466324627931140,1496466324560822274,'project_port','projectPort','int','Integer',0,0,'服务端口',0,0,'2022-02-23 20:45:49','2022-02-23 20:45:49','CS888888','CS888888'),(1496466324627931141,1496466324560822274,'package_name','packageName','varchar','String',0,0,'项目基础包名',0,0,'2022-02-23 20:45:49','2022-02-23 20:45:49','CS888888','CS888888'),(1496466324690845697,1496466324560822274,'file_encoding','fileEncoding','varchar','String',0,0,'文件编码',0,0,'2022-02-23 20:45:49','2022-02-23 20:45:49','CS888888','CS888888'),(1496466324690845698,1496466324560822274,'jdk_version','jdkVersion','varchar','String',0,0,'jdk版本',0,0,'2022-02-23 20:45:49','2022-02-23 20:45:49','CS888888','CS888888'),(1496466324690845699,1496466324560822274,'context_path','contextPath','varchar','String',0,0,'项目访问路径的上下文',0,0,'2022-02-23 20:45:49','2022-02-23 20:45:49','CS888888','CS888888'),(1496466324690845700,1496466324560822274,'group_id','groupId','varchar','String',0,0,'项目groupId',0,0,'2022-02-23 20:45:49','2022-02-23 20:45:49','CS888888','CS888888'),(1496466324690845701,1496466324560822274,'artifact_id','artifactId','varchar','String',0,0,'项目artifactId',0,0,'2022-02-23 20:45:49','2022-02-23 20:45:49','CS888888','CS888888'),(1496466324690845702,1496466324560822274,'version','version','varchar','String',0,0,'项目版本号',0,0,'2022-02-23 20:45:49','2022-02-23 20:45:49','CS888888','CS888888'),(1496466324690845703,1496466324560822274,'project_desc','projectDesc','varchar','String',0,0,'项目描述',0,0,'2022-02-23 20:45:49','2022-02-23 20:45:49','CS888888','CS888888'),(1496466324690845704,1496466324560822274,'team_name','teamName','varchar','String',0,0,'项目所属团队',0,0,'2022-02-23 20:45:49','2022-02-23 20:45:49','CS888888','CS888888'),(1496466324757954561,1496466324560822274,'leader','leader','varchar','String',0,0,'项目负责人',0,0,'2022-02-23 20:45:49','2022-02-23 20:45:49','CS888888','CS888888'),(1496466324757954562,1496466324560822274,'del_flag','delFlag','tinyint','Integer',0,0,'0-未删除，1-已删除',0,0,'2022-02-23 20:45:49','2022-02-23 20:45:49','CS888888','CS888888'),(1496466324757954563,1496466324560822274,'create_time','createTime','datetime','LocalDateTime',0,0,'创建时间',0,0,'2022-02-23 20:45:49','2022-02-23 20:45:49','CS888888','CS888888'),(1496466324757954564,1496466324560822274,'update_time','updateTime','datetime','LocalDateTime',0,0,'更新时间',0,0,'2022-02-23 20:45:49','2022-02-23 20:45:49','CS888888','CS888888'),(1496466324757954565,1496466324560822274,'create_by','createBy','varchar','String',0,0,'创建人',0,0,'2022-02-23 20:45:49','2022-02-23 20:45:49','CS888888','CS888888'),(1496466324757954566,1496466324560822274,'update_by','updateBy','varchar','String',0,0,'更新人',0,0,'2022-02-23 20:45:49','2022-02-23 20:45:49','CS888888','CS888888'),(1496466324757954567,1496466324560822276,'db_id','dbId','bigint','Long',1,0,'主键',0,0,'2022-02-23 20:45:49','2022-02-23 20:45:49','CS888888','CS888888'),(1496466324757954568,1496466324560822276,'project_id','projectId','bigint','Long',0,0,'所属项目id',0,0,'2022-02-23 20:45:49','2022-02-23 20:45:49','CS888888','CS888888'),(1496466324757954569,1496466324560822276,'db_driver_class','dbDriverClass','varchar','String',0,0,'数据库驱动类型：1-MySQL',0,0,'2022-02-23 20:45:49','2022-02-23 20:45:49','CS888888','CS888888'),(1496466324757954570,1496466324560822276,'db_ip','dbIp','varchar','String',0,0,'数据库：ip',0,0,'2022-02-23 20:45:49','2022-02-23 20:45:49','CS888888','CS888888'),(1496466324757954571,1496466324560822276,'db_port','dbPort','int','Integer',0,0,'数据库：端口',0,0,'2022-02-23 20:45:49','2022-02-23 20:45:49','CS888888','CS888888'),(1496466324757954572,1496466324560822276,'db_name','dbName','varchar','String',0,0,'数据库：库名',0,0,'2022-02-23 20:45:49','2022-02-23 20:45:49','CS888888','CS888888'),(1496466324757954573,1496466324560822276,'db_user','dbUser','varchar','String',0,0,'数据库：用户名',0,0,'2022-02-23 20:45:49','2022-02-23 20:45:49','CS888888','CS888888'),(1496466324757954574,1496466324560822276,'db_password','dbPassword','varchar','String',0,0,'数据库：密码',0,0,'2022-02-23 20:45:49','2022-02-23 20:45:49','CS888888','CS888888'),(1496466324757954575,1496466324560822276,'db_primary','dbPrimary','tinyint','Integer',0,0,'是否为项目主库：0-不是，1-是',0,0,'2022-02-23 20:45:49','2022-02-23 20:45:49','CS888888','CS888888'),(1496466324825063425,1496466324560822276,'del_flag','delFlag','tinyint','Integer',0,0,'0-未删除，1-已删除',0,0,'2022-02-23 20:45:49','2022-02-23 20:45:49','CS888888','CS888888'),(1496466324825063426,1496466324560822276,'create_time','createTime','datetime','LocalDateTime',0,0,'创建时间',0,0,'2022-02-23 20:45:49','2022-02-23 20:45:49','CS888888','CS888888'),(1496466324825063427,1496466324560822276,'update_time','updateTime','datetime','LocalDateTime',0,0,'更新时间',0,0,'2022-02-23 20:45:49','2022-02-23 20:45:49','CS888888','CS888888'),(1496466324825063428,1496466324560822276,'create_by','createBy','varchar','String',0,0,'创建人',0,0,'2022-02-23 20:45:49','2022-02-23 20:45:49','CS888888','CS888888'),(1496466324825063429,1496466324560822276,'update_by','updateBy','varchar','String',0,0,'更新人',0,0,'2022-02-23 20:45:49','2022-02-23 20:45:49','CS888888','CS888888'),(1496466324825063430,1496466324560822275,'table_id','tableId','bigint','Long',1,0,'主键',0,0,'2022-02-23 20:45:49','2022-02-23 20:45:49','CS888888','CS888888'),(1496466324825063431,1496466324560822275,'db_id','dbId','bigint','Long',0,0,'所属数据库id',0,0,'2022-02-23 20:45:49','2022-02-23 20:45:49','CS888888','CS888888'),(1496466324825063432,1496466324560822275,'table_name','tableName','varchar','String',0,0,'表名称',0,0,'2022-02-23 20:45:49','2022-02-23 20:45:49','CS888888','CS888888'),(1496466324825063433,1496466324560822275,'table_comment','tableComment','varchar','String',0,0,'表描述',0,0,'2022-02-23 20:45:49','2022-02-23 20:45:49','CS888888','CS888888'),(1496466324825063434,1496466324560822275,'class_name','className','varchar','String',0,0,'实体类名',0,0,'2022-02-23 20:45:50','2022-02-23 20:45:50','CS888888','CS888888'),(1496466324825063435,1496466324560822275,'module_name','moduleName','varchar','String',0,0,'模块名称',0,0,'2022-02-23 20:45:50','2022-02-23 20:45:50','CS888888','CS888888'),(1496466324825063436,1496466324560822275,'del_flag','delFlag','tinyint','Integer',0,0,'0-未删除，1-已删除',0,0,'2022-02-23 20:45:50','2022-02-23 20:45:50','CS888888','CS888888'),(1496466324825063437,1496466324560822275,'create_time','createTime','datetime','LocalDateTime',0,0,'创建时间',0,0,'2022-02-23 20:45:50','2022-02-23 20:45:50','CS888888','CS888888'),(1496466324825063438,1496466324560822275,'update_time','updateTime','datetime','LocalDateTime',0,0,'更新时间',0,0,'2022-02-23 20:45:50','2022-02-23 20:45:50','CS888888','CS888888'),(1496466324825063439,1496466324560822275,'create_by','createBy','varchar','String',0,0,'创建人',0,0,'2022-02-23 20:45:50','2022-02-23 20:45:50','CS888888','CS888888'),(1496466324825063440,1496466324560822275,'update_by','updateBy','varchar','String',0,0,'更新人',0,0,'2022-02-23 20:45:50','2022-02-23 20:45:50','CS888888','CS888888'),(1496466324825063441,1496466324544045057,'column_id','columnId','bigint','Long',1,0,'主键',0,0,'2022-02-23 20:45:50','2022-02-23 20:45:50','CS888888','CS888888'),(1496466324825063442,1496466324544045057,'table_id','tableId','bigint','Long',0,0,'归属表id',0,0,'2022-02-23 20:45:50','2022-02-23 20:45:50','CS888888','CS888888'),(1496466324825063443,1496466324544045057,'column_name','columnName','varchar','String',0,0,'列名称',0,0,'2022-02-23 20:45:50','2022-02-23 20:45:50','CS888888','CS888888'),(1496466324825063444,1496466324544045057,'java_field','javaField','varchar','String',0,0,'JAVA字段名',0,0,'2022-02-23 20:45:50','2022-02-23 20:45:50','CS888888','CS888888'),(1496466324825063445,1496466324544045057,'column_type','columnType','varchar','String',0,0,'列类型',0,0,'2022-02-23 20:45:50','2022-02-23 20:45:50','CS888888','CS888888'),(1496466324825063446,1496466324544045057,'java_type','javaType','varchar','String',0,0,'JAVA类型',0,0,'2022-02-23 20:45:50','2022-02-23 20:45:50','CS888888','CS888888'),(1496466324825063447,1496466324544045057,'if_pk','ifPk','tinyint','Integer',0,0,'是否主键: 0-不是，1-是',0,0,'2022-02-23 20:45:50','2022-02-23 20:45:50','CS888888','CS888888'),(1496466324825063448,1496466324544045057,'if_increment','ifIncrement','tinyint','Integer',0,0,'是否自增: 0-不是，1-是',0,0,'2022-02-23 20:45:50','2022-02-23 20:45:50','CS888888','CS888888'),(1496466324825063449,1496466324544045057,'column_comment','columnComment','varchar','String',0,0,'列描述',0,0,'2022-02-23 20:45:50','2022-02-23 20:45:50','CS888888','CS888888'),(1496466324825063450,1496466324544045057,'sort','sort','int','Integer',0,0,'排序',0,0,'2022-02-23 20:45:50','2022-02-23 20:45:50','CS888888','CS888888'),(1496466324825063451,1496466324544045057,'del_flag','delFlag','tinyint','Integer',0,0,'0-未删除，1-已删除',0,0,'2022-02-23 20:45:50','2022-02-23 20:45:50','CS888888','CS888888'),(1496466324825063452,1496466324544045057,'create_time','createTime','datetime','LocalDateTime',0,0,'创建时间',0,0,'2022-02-23 20:45:50','2022-02-23 20:45:50','CS888888','CS888888'),(1496466324825063453,1496466324544045057,'update_time','updateTime','datetime','LocalDateTime',0,0,'更新时间',0,0,'2022-02-23 20:45:50','2022-02-23 20:45:50','CS888888','CS888888'),(1496466324825063454,1496466324544045057,'create_by','createBy','varchar','String',0,0,'创建者',0,0,'2022-02-23 20:45:50','2022-02-23 20:45:50','CS888888','CS888888'),(1496466324825063455,1496466324544045057,'update_by','updateBy','varchar','String',0,0,'更新者',0,0,'2022-02-23 20:45:50','2022-02-23 20:45:50','CS888888','CS888888');

/*Table structure for table `cpms_system_dept` */

DROP TABLE IF EXISTS `cpms_system_dept`;

CREATE TABLE `cpms_system_dept` (
  `dept_id` bigint(64) unsigned NOT NULL COMMENT '部门ID',
  `tenant_id` bigint(64) NOT NULL COMMENT '所属租户ID',
  `dept_name` varchar(50) NOT NULL COMMENT '部门名称',
  `dept_desc` varchar(1000) NOT NULL DEFAULT '' COMMENT '部门描述',
  `dept_sort` int(11) DEFAULT '0' COMMENT '部门排序',
  `parent_id` bigint(64) NOT NULL DEFAULT '0' COMMENT '树形结构，父节点id',
  `del_flag` tinyint(3) NOT NULL DEFAULT '0' COMMENT '0-未删除，1-已删除',
  `create_time` datetime NOT NULL DEFAULT CURRENT_TIMESTAMP COMMENT '创建时间',
  `update_time` datetime NOT NULL DEFAULT CURRENT_TIMESTAMP ON UPDATE CURRENT_TIMESTAMP COMMENT '更新时间',
  `create_by` varchar(50) DEFAULT NULL COMMENT '创建人',
  `update_by` varchar(50) DEFAULT NULL COMMENT '更新人',
  PRIMARY KEY (`dept_id`),
  KEY `tenant_del_dept_idx` (`tenant_id`,`del_flag`,`dept_name`)
) ENGINE=InnoDB DEFAULT CHARSET=utf8 COMMENT='部门表';

/*Data for the table `cpms_system_dept` */

insert  into `cpms_system_dept`(`dept_id`,`tenant_id`,`dept_name`,`dept_desc`,`dept_sort`,`parent_id`,`del_flag`,`create_time`,`update_time`,`create_by`,`update_by`) values (1442414898812084225,1442414898631729154,'Cpms软件服务有限公司总部','cpms软件服务有限公司总部',3,0,0,'2021-06-13 16:13:50','2021-11-26 17:28:30','CS888888','CS888888'),(1442429609511301122,1442414898631729154,'Cpms系统研发中心','cpms软件研发部中心',0,1442414898812084225,0,'2021-06-13 16:13:50','2021-11-28 19:47:25','CS888888','CS888888');

/*Table structure for table `cpms_system_log` */

DROP TABLE IF EXISTS `cpms_system_log`;

CREATE TABLE `cpms_system_log` (
  `log_id` bigint(64) NOT NULL COMMENT '日志ID',
  `tenant_id` bigint(64) NOT NULL COMMENT '租户ID',
  `title` varchar(255) DEFAULT '' COMMENT '日志标题',
  `service_name` varchar(50) DEFAULT NULL COMMENT '服务ID',
  `handle_ip` varchar(255) DEFAULT NULL COMMENT '操作人IP地址',
  `req_url` varchar(255) DEFAULT NULL COMMENT '请求URI',
  `req_method` varchar(10) DEFAULT NULL COMMENT '请求方式',
  `req_params` text COMMENT '操作提交的入参',
  `exe_time` int(11) DEFAULT NULL COMMENT '执行时间(毫秒)',
  `result_msg` text COMMENT '结果信息',
  `del_flag` tinyint(3) NOT NULL DEFAULT '0' COMMENT '0-未删除，1-已删除',
  `create_by` varchar(50) DEFAULT NULL COMMENT '操作人',
  `create_time` datetime NOT NULL DEFAULT CURRENT_TIMESTAMP COMMENT '操作时间',
  `update_by` varchar(50) DEFAULT NULL COMMENT '更新人',
  `update_time` datetime NOT NULL DEFAULT CURRENT_TIMESTAMP ON UPDATE CURRENT_TIMESTAMP COMMENT '更新时间',
  PRIMARY KEY (`log_id`)
) ENGINE=InnoDB DEFAULT CHARSET=utf8 COMMENT='后台系统操作日志表';

/*Data for the table `cpms_system_log` */

insert  into `cpms_system_log`(`log_id`,`tenant_id`,`title`,`service_name`,`handle_ip`,`req_url`,`req_method`,`req_params`,`exe_time`,`result_msg`,`del_flag`,`create_by`,`create_time`,`update_by`,`update_time`) values (1464930032849874946,1442414898631729154,'修改用户状态','cpms-server','127.0.0.1','/cpmsService/sys-user/changeUserStatus','GET','userId=1464172420088307713&userStatus=1',74,'{\"code\":20008,\"date\":\"2021-11-28 20:11:51\",\"message\":\"操作成功\",\"success\":true,\"traceId\":\"890cc58a53d44c22a8afb8f6e079bc85\"}',0,'CS000002','2021-11-28 20:11:52',NULL,'2021-11-28 20:11:52'),(1464930040911327233,1442414898631729154,'修改用户状态','cpms-server','127.0.0.1','/cpmsService/sys-user/changeUserStatus','GET','userId=1464172420088307713&userStatus=0',35,'{\"code\":20008,\"date\":\"2021-11-28 20:11:53\",\"message\":\"操作成功\",\"success\":true,\"traceId\":\"f0cdd3f57bad4b95b7dba5f663b5a053\"}',0,'CS000002','2021-11-28 20:11:54',NULL,'2021-11-28 20:11:54'),(1464930351776362498,1442414898631729154,'修改用户','cpms-server','127.0.0.1','/cpmsService/sys-user/update','POST','{\"userSex\":\"1\",\"userPassword\":\"****\",\"roleIds\":[\"1464171409403650049\"],\"userMobile\":15811111111,\"userRealName\":\"admin\",\"userAccount\":\"CS000002\",\"tenantId\":\"1442414898631729154\",\"deptId\":\"1442429609511301122\",\"postId\":\"1464171813491286018\",\"userName\":\"admin\",\"userId\":\"1464172420088307713\",\"userBirthday\":\"1991-07-03\"}',79,'{\"code\":20008,\"date\":\"2021-11-28 20:13:07\",\"message\":\"操作成功\",\"success\":true,\"traceId\":\"78362768a3404fc684843cb2802dc350\"}',0,'CS888888','2021-11-28 20:13:08',NULL,'2021-11-28 20:13:08'),(1467380127951241218,1442414898631729154,'修改用户','cpms-server','127.0.0.1','/cpmsService/sys-user/update','POST','{\"userSex\":\"1\",\"userPassword\":\"****\",\"roleIds\":[\"1464156988723798018\"],\"userMobile\":15811111111,\"userRealName\":\"cpms\",\"userAccount\":\"CS888888\",\"tenantId\":\"1442414898631729154\",\"deptId\":\"1442414898812084225\",\"postId\":\"1450767760723918849\",\"userName\":\"superAdmin\",\"userId\":\"1437695137926684674\",\"userBirthday\":\"1991-07-03\"}',100,'{\"code\":20008,\"date\":\"2021-12-05 14:27:39\",\"message\":\"操作成功\",\"success\":true,\"traceId\":\"2d2aaa651678400d8d5385ef92c3f719\"}',0,'CS888888','2021-12-05 14:27:40',NULL,'2021-12-05 14:27:40'),(1467413159269646338,1442414898631729154,'修改用户密码','cpms-server','127.0.0.1','/cpmsService/sys-user/modifiedPassword','POST','{\"newPassword\":\"123456\",\"confirmPassword\":\"123456\",\"userId\":\"1464172420088307713\"}',138,'{\"code\":20008,\"date\":\"2021-12-05 16:38:55\",\"message\":\"操作成功\",\"success\":true,\"traceId\":\"a852fbdc905340cd812eb87fb582f92c\"}',0,'CS888888','2021-12-05 16:38:55',NULL,'2021-12-05 16:38:55'),(1468190434319691777,1442414898631729154,'修改用户','cpms-server','127.0.0.1','/cpmsService/sys-user/update','POST','{\"userSex\":\"1\",\"userPassword\":\"****\",\"roleIds\":[\"1464171409403650049\",\"1468190398613581825\"],\"userMobile\":15811111111,\"userRealName\":\"admin\",\"userAccount\":\"CS000002\",\"tenantId\":\"1442414898631729154\",\"deptId\":\"1442429609511301122\",\"postId\":\"1464171813491286018\",\"userName\":\"admin\",\"userId\":\"1464172420088307713\",\"userBirthday\":\"1991-07-03\"}',167,'{\"code\":50001,\"date\":\"2021-12-07 20:07:31\",\"message\":\"系统异常！！！\",\"success\":false,\"traceId\":\"a5ac479320f94ea8b24a56f8475f3d9a\"}',0,'CS888888','2021-12-07 20:07:32',NULL,'2021-12-07 20:07:32'),(1468190986457907202,1442414898631729154,'修改用户','cpms-server','127.0.0.1','/cpmsService/sys-user/update','POST','{\"userSex\":\"1\",\"userPassword\":\"****\",\"roleIds\":[\"1464171409403650049\",\"1468190398613581825\"],\"userMobile\":15811111111,\"userRealName\":\"admin\",\"userAccount\":\"CS000002\",\"tenantId\":\"1442414898631729154\",\"deptId\":\"1442429609511301122\",\"postId\":\"1464171813491286018\",\"userName\":\"admin\",\"userId\":\"1464172420088307713\",\"userBirthday\":\"1991-07-03\"}',521,'{\"code\":50001,\"date\":\"2021-12-07 20:09:43\",\"message\":\"系统异常！！！\",\"success\":false,\"traceId\":\"04c6d997699d451ba6fd9d49c4efe16c\"}',0,'CS888888','2021-12-07 20:09:44',NULL,'2021-12-07 20:09:44'),(1468191919787016194,1442414898631729154,'修改用户','cpms-server','127.0.0.1','/cpmsService/sys-user/update','POST','{\"userSex\":\"1\",\"userPassword\":\"****\",\"roleIds\":[\"1464171409403650049\"],\"userMobile\":15811111111,\"userRealName\":\"admin\",\"userAccount\":\"CS000002\",\"tenantId\":\"1442414898631729154\",\"deptId\":\"1442429609511301122\",\"postId\":\"1464171813491286018\",\"userName\":\"admin\",\"userId\":\"1464172420088307713\",\"userBirthday\":\"1991-07-03\"}',83,'{\"code\":50001,\"date\":\"2021-12-07 20:13:26\",\"message\":\"系统异常！！！\",\"success\":false,\"traceId\":\"85ae65091a0047c0b1ced340f93c7327\"}',0,'CS888888','2021-12-07 20:13:26',NULL,'2021-12-07 20:13:26'),(1468192277607284737,1442414898631729154,'修改用户','cpms-server','127.0.0.1','/cpmsService/sys-user/update','POST','{\"userSex\":\"1\",\"userPassword\":\"****\",\"roleIds\":[\"1464171409403650049\"],\"userMobile\":15811111111,\"userRealName\":\"admin\",\"userAccount\":\"CS000002\",\"tenantId\":\"1442414898631729154\",\"deptId\":\"1442429609511301122\",\"postId\":\"1464171813491286018\",\"userName\":\"admin\",\"userId\":\"1464172420088307713\",\"userBirthday\":\"1991-07-03\"}',73,'{\"code\":50001,\"date\":\"2021-12-07 20:14:51\",\"message\":\"系统异常！！！\",\"success\":false,\"traceId\":\"4e708a7b0c374a50abda6f0b452f9d00\"}',0,'CS888888','2021-12-07 20:14:51',NULL,'2021-12-07 20:14:51'),(1468192948469432322,1442414898631729154,'修改用户','cpms-server','127.0.0.1','/cpmsService/sys-user/update','POST','{\"userSex\":\"1\",\"userPassword\":\"****\",\"roleIds\":[\"1464171409403650049\"],\"userMobile\":15811111111,\"userRealName\":\"admin\",\"userAccount\":\"CS000002\",\"tenantId\":\"1442414898631729154\",\"deptId\":\"1442429609511301122\",\"postId\":\"1464171813491286018\",\"userName\":\"admin\",\"userId\":\"1464172420088307713\",\"userBirthday\":\"1991-07-03\"}',77287,'{\"code\":50001,\"date\":\"2021-12-07 20:17:31\",\"message\":\"系统异常！！！\",\"success\":false,\"traceId\":\"ca11c869932d4d19a3345dba6ef7f101\"}',0,'CS888888','2021-12-07 20:17:31',NULL,'2021-12-07 20:17:31'),(1468192948838531075,1442414898631729154,'修改用户','cpms-server','127.0.0.1','/cpmsService/sys-user/update','POST','{\"userSex\":\"1\",\"userPassword\":\"****\",\"roleIds\":[\"1464171409403650049\"],\"userMobile\":15811111111,\"userRealName\":\"admin\",\"userAccount\":\"CS000002\",\"tenantId\":\"1442414898631729154\",\"deptId\":\"1442429609511301122\",\"postId\":\"1464171813491286018\",\"userName\":\"admin\",\"userId\":\"1464172420088307713\",\"userBirthday\":\"1991-07-03\"}',186,'{\"code\":50001,\"date\":\"2021-12-07 20:17:31\",\"message\":\"系统异常！！！\",\"success\":false,\"traceId\":\"c3c6e7689e994575b3ca8ba1f50219ce\"}',0,'CS888888','2021-12-07 20:17:31',NULL,'2021-12-07 20:17:31'),(1468192949027274753,1442414898631729154,'修改用户','cpms-server','127.0.0.1','/cpmsService/sys-user/update','POST','{\"userSex\":\"1\",\"userPassword\":\"****\",\"roleIds\":[\"1464171409403650049\"],\"userMobile\":15811111111,\"userRealName\":\"admin\",\"userAccount\":\"CS000002\",\"tenantId\":\"1442414898631729154\",\"deptId\":\"1442429609511301122\",\"postId\":\"1464171813491286018\",\"userName\":\"admin\",\"userId\":\"1464172420088307713\",\"userBirthday\":\"1991-07-03\"}',235,'{\"code\":50001,\"date\":\"2021-12-07 20:17:31\",\"message\":\"系统异常！！！\",\"success\":false,\"traceId\":\"8fa2ae30a3604c35b56099a06998290e\"}',0,'CS888888','2021-12-07 20:17:31',NULL,'2021-12-07 20:17:31'),(1468192949027274754,1442414898631729154,'修改用户','cpms-server','127.0.0.1','/cpmsService/sys-user/update','POST','{\"userSex\":\"1\",\"userPassword\":\"****\",\"roleIds\":[\"1464171409403650049\"],\"userMobile\":15811111111,\"userRealName\":\"admin\",\"userAccount\":\"CS000002\",\"tenantId\":\"1442414898631729154\",\"deptId\":\"1442429609511301122\",\"postId\":\"1464171813491286018\",\"userName\":\"admin\",\"userId\":\"1464172420088307713\",\"userBirthday\":\"1991-07-03\"}',235,'{\"code\":50001,\"date\":\"2021-12-07 20:17:31\",\"message\":\"系统异常！！！\",\"success\":false,\"traceId\":\"ff3e1b3899b540d9bb7b86e7ce764277\"}',0,'CS888888','2021-12-07 20:17:31',NULL,'2021-12-07 20:17:31'),(1468192949216018434,1442414898631729154,'修改用户','cpms-server','127.0.0.1','/cpmsService/sys-user/update','POST','{\"userSex\":\"1\",\"userPassword\":\"****\",\"roleIds\":[\"1464171409403650049\"],\"userMobile\":15811111111,\"userRealName\":\"admin\",\"userAccount\":\"CS000002\",\"tenantId\":\"1442414898631729154\",\"deptId\":\"1442429609511301122\",\"postId\":\"1464171813491286018\",\"userName\":\"admin\",\"userId\":\"1464172420088307713\",\"userBirthday\":\"1991-07-03\"}',274,'{\"code\":50001,\"date\":\"2021-12-07 20:17:31\",\"message\":\"系统异常！！！\",\"success\":false,\"traceId\":\"60b1db42a3ad4e86bba14942e74b68ff\"}',0,'CS888888','2021-12-07 20:17:31',NULL,'2021-12-07 20:17:31'),(1468194468694867969,1442414898631729154,'修改用户','cpms-server','127.0.0.1','/cpmsService/sys-user/update','POST','{\"userSex\":\"1\",\"userPassword\":\"****\",\"roleIds\":[\"1464171409403650049\"],\"userMobile\":15811111111,\"userRealName\":\"admin\",\"userAccount\":\"CS000002\",\"tenantId\":\"1442414898631729154\",\"deptId\":\"1442429609511301122\",\"postId\":\"1464171813491286018\",\"userName\":\"admin\",\"userId\":\"1464172420088307713\",\"userBirthday\":\"1991-07-03\"}',75,'{\"code\":20008,\"date\":\"2021-12-07 20:23:33\",\"message\":\"操作成功\",\"success\":true,\"traceId\":\"33327eaab0214dd3b3db7d48661f10ff\"}',0,'CS888888','2021-12-07 20:23:34',NULL,'2021-12-07 20:23:34'),(1471454803527327746,1442414898631729154,'修改租户','cpms-server-system','127.0.0.1','/systemMicroservice/sys-tenant/update','POST','{\"tenantStatus\":\"0\",\"address\":\"深圳南山区\",\"tenantDesc\":\"Cpms系统软件开发，致力服务于企业软件开发，提供各种互联网软件服务\",\"accountPrefix\":\"CS\",\"updateTime\":\"2021-11-28 19:48:34\",\"tenantCode\":\"CPMS_HEADQUARTERS\",\"leaseTimeEnd\":\"2100-01-01 16:41:53\",\"createBy\":\"CS888888\",\"tenantName\":\"Cpms软件服务有限公司\",\"createTime\":\"2021-06-13 16:11:43\",\"updateBy\":\"CS888888\",\"tenantId\":\"1442414898631729154\",\"contactNumber\":15811111111,\"leaseTimeStart\":\"2021-09-17 16:41:53\",\"contacts\":\"cpms\"}',179,'{\"code\":20008,\"date\":\"2021-12-16 20:18:57\",\"message\":\"操作成功\",\"success\":true,\"traceId\":\"aa342138f40444b7968aa1a06e3d32c4\"}',0,'CS888888','2021-12-16 20:18:58','CS888888','2021-12-16 20:18:58'),(1478689696116133890,1442414898631729154,'修改租户','cpms-server-system','127.0.0.1','/systemMicroservice/sys-tenant/update','POST','{\"tenantStatus\":\"0\",\"address\":\"深圳南山区\",\"tenantDesc\":\"Cpms系统软件开发，致力服务于企业软件开发，提供各种互联网软件服务\",\"accountPrefix\":\"CS\",\"updateTime\":\"2021-12-16 20:18:57\",\"tenantCode\":\"CPMS_HEADQUARTERS\",\"leaseTimeEnd\":\"2100-01-01 16:41:53\",\"createBy\":\"CS888888\",\"tenantName\":\"Cpms软件服务有限公司\",\"createTime\":\"2021-06-13 16:11:43\",\"updateBy\":\"CS888888\",\"tenantId\":\"1442414898631729154\",\"contactNumber\":15811111111,\"leaseTimeStart\":\"2021-09-17 16:41:53\",\"contacts\":\"cpms\"}',107,'{\"code\":20008,\"date\":\"2022-01-05 19:27:49\",\"message\":\"操作成功\",\"success\":true,\"traceId\":\"d5d482d067504a7c9bc843b40cfb801e\"}',0,'CS888888','2022-01-05 19:27:51','CS888888','2022-01-05 19:27:51'),(1491600446044246017,1442414898631729154,'修改用户状态','cpms-server-system','127.0.0.1','/systemMicroservice/sys-user/changeUserStatus','GET','userId=1464172420088307713&userStatus=1',99,'{\"code\":20008,\"date\":\"2022-02-10 10:30:32\",\"message\":\"操作成功\",\"success\":true,\"traceId\":\"4D47B62909144EBD936A4530DBDDEBB2\"}',0,'CS888888','2022-02-10 10:30:34','CS888888','2022-02-10 10:30:34'),(1491600451312291841,1442414898631729154,'修改用户状态','cpms-server-system','127.0.0.1','/systemMicroservice/sys-user/changeUserStatus','GET','userId=1464172420088307713&userStatus=0',35,'{\"code\":20008,\"date\":\"2022-02-10 10:30:34\",\"message\":\"操作成功\",\"success\":true,\"traceId\":\"FEC58F24BF664E90A5718C3176C6E4B0\"}',0,'CS888888','2022-02-10 10:30:35','CS888888','2022-02-10 10:30:35'),(1493188323706494977,1442414898631729154,'修改用户','cpms-server-system','127.0.0.1','/systemMicroservice/sys-user/update','POST','{\"userSex\":\"1\",\"userPassword\":\"****\",\"roleIds\":[\"1464171409403650049\"],\"userMobile\":15811111111,\"userRealName\":\"admin\",\"userAccount\":\"CS000002\",\"tenantId\":\"1442414898631729154\",\"deptId\":\"1442429609511301122\",\"postId\":\"1464171813491286018\",\"userName\":\"admin\",\"userId\":\"1464172420088307713\",\"userBirthday\":\"1991-07-03\"}',210,'{\"code\":20008,\"date\":\"2022-02-14 19:40:11\",\"message\":\"操作成功\",\"success\":true,\"traceId\":\"0A5947258F6948899DD16BA5D59CBD18\"}',0,'CS888888','2022-02-14 19:40:13','CS888888','2022-02-14 19:40:13'),(1497424231662710786,1442414898631729154,'修改用户状态','cpms-server','127.0.0.1','/cpmsService/sys-user/changeUserStatus','GET','userId=1464172420088307713&userStatus=1',98,'{\"code\":20008,\"date\":\"2022-02-26 12:12:12\",\"message\":\"操作成功\",\"success\":true,\"traceId\":\"417E3FC70C4E4C71BF47B98D63AAD4D7\"}',0,'CS888888','2022-02-26 12:12:12',NULL,'2022-02-26 12:12:12'),(1497424239355064321,1442414898631729154,'修改用户状态','cpms-server','127.0.0.1','/cpmsService/sys-user/changeUserStatus','GET','userId=1464172420088307713&userStatus=0',142,'{\"code\":20008,\"date\":\"2022-02-26 12:12:14\",\"message\":\"操作成功\",\"success\":true,\"traceId\":\"991AB8C7CC6C442A8D82791FC1BCBC76\"}',0,'CS888888','2022-02-26 12:12:14',NULL,'2022-02-26 12:12:14'),(1497424272519426050,1442414898631729154,'修改用户','cpms-server','127.0.0.1','/cpmsService/sys-user/update','POST','{\"userSex\":\"1\",\"userPassword\":\"****\",\"roleIds\":[\"1464156988723798018\"],\"userMobile\":15811111111,\"userRealName\":\"cpms\",\"userAccount\":\"CS888888\",\"tenantId\":\"1442414898631729154\",\"deptId\":\"1442414898812084225\",\"postId\":\"1450767760723918849\",\"userName\":\"superAdmin\",\"userId\":\"1437695137926684674\",\"userBirthday\":\"1991-07-03\"}',101,'{\"code\":20008,\"date\":\"2022-02-26 12:12:22\",\"message\":\"操作成功\",\"success\":true,\"traceId\":\"FBDD94102C1C4B84A81A72E42F7A9472\"}',0,'CS888888','2022-02-26 12:12:22',NULL,'2022-02-26 12:12:22'),(1497424459648299010,1442414898631729154,'修改用户','cpms-server','127.0.0.1','/cpmsService/sys-user/update','POST','{\"userSex\":\"1\",\"userPassword\":\"****\",\"roleIds\":[\"1464156988723798018\"],\"userMobile\":15811111111,\"userRealName\":\"cpms\",\"userAccount\":\"CS888888\",\"tenantId\":\"1442414898631729154\",\"deptId\":\"1442414898812084225\",\"postId\":\"1450767760723918849\",\"userName\":\"superAdmin\",\"userId\":\"1437695137926684674\",\"userBirthday\":\"1991-07-03\"}',45,'{\"code\":20008,\"date\":\"2022-02-26 12:13:06\",\"message\":\"操作成功\",\"success\":true,\"traceId\":\"7BA1AB07865B48148BC9ADB38DEBEB8B\"}',0,'CS888888','2022-02-26 12:13:07',NULL,'2022-02-26 12:13:07');

/*Table structure for table `cpms_system_menu` */

DROP TABLE IF EXISTS `cpms_system_menu`;

CREATE TABLE `cpms_system_menu` (
  `menu_id` bigint(64) NOT NULL COMMENT '菜单ID',
  `parent_id` bigint(64) NOT NULL DEFAULT '0' COMMENT '父菜单ID',
  `name` varchar(32) NOT NULL COMMENT '菜单|按钮名称',
  `code` varchar(50) DEFAULT NULL COMMENT '编码',
  `alias` varchar(50) DEFAULT NULL COMMENT '别名',
  `path` varchar(128) DEFAULT NULL COMMENT '前端URL',
  `icon` varchar(32) DEFAULT NULL COMMENT '图标',
  `component` varchar(128) DEFAULT NULL COMMENT 'VUE页面',
  `sort` int(11) NOT NULL DEFAULT '0' COMMENT '排序值',
  `type` tinyint(3) NOT NULL DEFAULT '0' COMMENT '菜单类型:0-菜单，1-按钮',
  `open_flag` tinyint(3) NOT NULL DEFAULT '0' COMMENT '是否新窗口打开:0-不是，1-是',
  `del_flag` tinyint(3) NOT NULL DEFAULT '0' COMMENT '0-未删除，1-已删除',
  `create_time` datetime NOT NULL DEFAULT CURRENT_TIMESTAMP COMMENT '创建时间',
  `update_time` datetime NOT NULL DEFAULT CURRENT_TIMESTAMP ON UPDATE CURRENT_TIMESTAMP COMMENT '更新时间',
  `create_by` varchar(50) DEFAULT NULL COMMENT '创建人',
  `update_by` varchar(50) DEFAULT NULL COMMENT '更新人',
  PRIMARY KEY (`menu_id`),
  UNIQUE KEY `code_path` (`code`,`path`)
) ENGINE=InnoDB DEFAULT CHARSET=utf8 COMMENT='菜单权限表';

/*Data for the table `cpms_system_menu` */

insert  into `cpms_system_menu`(`menu_id`,`parent_id`,`name`,`code`,`alias`,`path`,`icon`,`component`,`sort`,`type`,`open_flag`,`del_flag`,`create_time`,`update_time`,`create_by`,`update_by`) values (1437695137926684674,0,'系统管理','sys_system_manage','menu','/system','el-icon-setting',NULL,1000000,0,0,0,'2021-08-07 15:42:40','2021-11-26 17:38:33','CS888888','CS888888'),(1437696509359235073,1437695137926684674,'用户管理','sys_user_manage','menu','/system/user','el-icon-user-solid',NULL,999993,0,0,0,'2021-08-07 15:45:10','2021-11-26 17:41:07','CS888888','CS888888'),(1437698974959869953,1437696509359235073,'查看','sys_user_view','view','','',NULL,4,1,0,0,'2021-08-07 15:46:57','2021-11-26 17:40:54','CS888888','CS888888'),(1438021853006004225,1437696509359235073,'删除','sys_user_delete','delete','','',NULL,1,1,0,0,'2021-08-07 15:47:41','2021-11-26 17:40:49','CS888888','CS888888'),(1438055567887011842,1437696509359235073,'添加','sys_user_add','add','','',NULL,3,1,0,0,'2021-08-07 18:15:39','2021-11-26 17:40:46','CS888888','CS888888'),(1442429609519689729,1442702605840887809,'查看','sys_menu_view','view','','',NULL,4,1,0,0,'2021-08-08 11:53:55','2021-11-26 17:40:33','CS888888','CS888888'),(1442429609800708097,1437696509359235073,'编辑','sys_user_edit','edit','','',NULL,2,1,0,0,'2021-08-07 18:18:10','2021-11-26 17:40:42','CS888888','CS888888'),(1442702604997832705,1442702605840887809,'删除','sys_menu_delete','delete',NULL,NULL,NULL,2,1,0,0,'2021-08-08 11:55:17','2021-11-26 17:40:29','CS888888','CS888888'),(1442702605840887809,1437695137926684674,'菜单管理','sys_menu_manage','menu','/system/menu','el-icon-menu',NULL,999999,0,0,0,'2021-08-08 11:52:10','2021-11-26 17:44:01','CS888888','CS888888'),(1443484962904367106,1437695137926684674,'角色管理','sys_role_manage','menu','/system/role','el-icon-user','',999995,0,0,0,'2021-09-30 15:56:48','2021-11-26 17:38:43','CS888888','CS888888'),(1443771116924960769,1437695137926684674,'租户管理','sys_tenant_manage','menu','/system/tenant','el-icon-s-custom','',999997,0,0,0,'2021-10-01 10:53:53','2021-11-26 17:38:44','CS888888','CS888888'),(1444119091446562817,1442702605840887809,'添加','sys_menu_add','add',NULL,NULL,NULL,3,1,0,0,'2021-08-08 11:56:54','2021-11-26 17:40:25','CS888888','CS888888'),(1444120246532718595,1442702605840887809,'编辑','sys_menu_edit','edit','','',NULL,1,1,0,0,'2021-08-08 11:58:31','2021-11-26 17:40:21','CS888888','CS888888'),(1444133692150136834,1437695137926684674,'部门管理','sys_dept_manage','menu','/system/dept','el-icon-set-up','',999996,0,0,0,'2021-09-30 22:10:32','2021-11-26 17:40:15','CS888888','CS888888'),(1449236520891928577,1437695137926684674,'岗位管理','sys_post_manage','menu','/system/post','el-icon-postcard','',999994,0,0,0,'2021-10-16 12:51:27','2021-11-26 17:38:45','CS888888','CS888888'),(1454301889629257730,1437695137926684674,'顶部菜单','sys_top_menu_manage','menu','/system/topMenu','el-icon-news','',999998,0,1,0,'2021-10-30 12:19:25','2021-11-26 17:38:53','CS888888','CS888888'),(1458030738464677889,0,'监控管理','sys_monitor_manage','menu','/monitor','el-icon-s-data',NULL,0,0,0,0,'2021-11-09 19:16:32','2021-11-25 21:34:52','CS888888','CS888888'),(1458031183908151297,1458030738464677889,'系统日志','sys_log_manage','menu','/system/log','el-icon-monitor',NULL,0,0,0,0,'2021-11-09 19:18:18','2021-11-21 16:06:38','CS888888','CS888888'),(1459864232203497474,1443771116924960769,'添加','sys_tenant_add','add','','',NULL,3,1,0,0,'2021-11-14 20:42:11','2021-11-14 20:46:13','CS888888','CS888888'),(1459864504149585922,1443771116924960769,'删除','sys_tenant_delete','delete','','',NULL,1,1,0,0,'2021-11-14 20:43:15','2021-11-14 20:46:28','CS888888','CS888888'),(1459864696802357250,1443771116924960769,'编辑','sys_tenant_edit','edit','','',NULL,2,1,0,0,'2021-11-14 20:44:01','2021-11-14 20:46:23','CS888888','CS888888'),(1459865217164488706,1443771116924960769,'查看','sys_tenant_view','view','','',NULL,4,1,0,0,'2021-11-14 20:46:05','2021-11-14 20:46:05','CS888888','CS888888'),(1459866979745247234,1443771116924960769,'配置租户权限','sys_tenant_config_per','config','','',NULL,0,1,0,0,'2021-11-14 20:53:06','2021-11-14 20:53:06','CS888888','CS888888'),(1459868347348398082,1444133692150136834,'查看','sys_dept_view','view','','',NULL,4,1,0,0,'2021-11-14 20:58:32','2021-11-26 17:39:33','CS888888','CS888888'),(1459868748189642754,1444133692150136834,'添加','sys_dept_add','add','','',NULL,3,1,0,0,'2021-11-14 21:00:07','2021-11-26 17:39:34','CS888888','CS888888'),(1459868918230921217,1444133692150136834,'删除','sys_dept_delete','delete','','',NULL,1,1,0,0,'2021-11-14 21:00:48','2021-11-26 17:39:36','CS888888','CS888888'),(1459869191464660994,1444133692150136834,'编辑','sys_dept_edit','edit','','',NULL,2,1,0,0,'2021-11-14 21:01:53','2021-11-26 17:39:37','CS888888','CS888888'),(1459869624430080001,1443484962904367106,'查看','sys_role_view','view','','',NULL,4,1,0,0,'2021-11-14 21:03:36','2021-11-19 17:31:53','CS888888','CS888888'),(1459869734446673922,1443484962904367106,'添加','sys_role_add','add','','',NULL,3,1,0,0,'2021-11-14 21:04:02','2021-11-14 21:04:02','CS888888','CS888888'),(1459869888272773121,1443484962904367106,'编辑','sys_role_edit','edit','','',NULL,2,1,0,0,'2021-11-14 21:04:39','2021-11-14 21:04:39','CS888888','CS888888'),(1459869986729865217,1443484962904367106,'删除','sys_role_delete','delete','','',NULL,1,1,0,0,'2021-11-14 21:05:03','2021-11-14 21:06:37','CS888888','CS888888'),(1459870315957563393,1443484962904367106,'配置角色权限','sys_role_config_per','config','','',NULL,0,1,0,0,'2021-11-14 21:06:21','2021-11-14 21:06:21','CS888888','CS888888'),(1459870568081371137,1449236520891928577,'查看','sys_post_view','view','','',NULL,4,1,0,0,'2021-11-14 21:07:21','2021-11-14 21:07:21','CS888888','CS888888'),(1459870681822507009,1449236520891928577,'添加','sys_post_add','add','','',NULL,3,1,0,0,'2021-11-14 21:07:48','2021-11-14 21:07:48','CS888888','CS888888'),(1459870827058671617,1449236520891928577,'编辑','sys_post_edit','edit','','',NULL,2,1,0,0,'2021-11-14 21:08:23','2021-11-14 21:08:23','CS888888','CS888888'),(1459870934340579330,1449236520891928577,'删除','sys_post_delete','delete','','',NULL,1,1,0,0,'2021-11-14 21:08:49','2021-11-14 21:08:49','CS888888','CS888888'),(1459871981415018497,1437696509359235073,'修改用户密码','sys_user_modified_pwd','pwd','','',NULL,0,1,0,0,'2021-11-14 21:12:58','2021-11-26 17:39:32','CS888888','CS888888'),(1491607184189464578,0,'开发工具','sys_devtool_manage','menu','/devtool','el-icon-s-cooperation',NULL,0,0,0,0,'2022-02-10 10:57:20','2022-02-10 10:57:54','CS888888','CS888888'),(1491613197063987201,1491607184189464578,'代码生成','gencode_manage','menu','/devtool/gencode','el-icon-full-screen',NULL,0,0,0,0,'2022-02-10 11:21:14','2022-02-10 11:23:13','CS888888','CS888888'),(1491671253374242817,1491613197063987201,'创建工程','gencode_project_add','add','','',NULL,0,1,0,0,'2022-02-10 15:11:55','2022-02-10 15:11:55','CS888888','CS888888'),(1491671712893800449,1491613197063987201,'查看工程','gencode_project_view','view','','',NULL,1,1,0,0,'2022-02-10 15:13:45','2022-02-10 15:13:45','CS888888','CS888888'),(1491671903210344450,1491613197063987201,'编辑工程','gencode_project_edit','edit','','',NULL,2,1,0,0,'2022-02-10 15:14:30','2022-02-10 15:14:30','CS888888','CS888888'),(1491672048777859074,1491613197063987201,'删除工程','gencode_project_delete','delete','','',NULL,0,1,0,0,'2022-02-10 15:15:05','2022-02-10 15:15:05','CS888888','CS888888');

/*Table structure for table `cpms_system_post` */

DROP TABLE IF EXISTS `cpms_system_post`;

CREATE TABLE `cpms_system_post` (
  `post_id` bigint(64) NOT NULL COMMENT '岗位ID',
  `tenant_id` bigint(64) NOT NULL COMMENT '所属租户ID',
  `post_name` varchar(50) NOT NULL COMMENT '岗位名称',
  `post_code` varchar(30) NOT NULL DEFAULT '' COMMENT '岗位编码',
  `post_sort` int(11) NOT NULL DEFAULT '0' COMMENT '岗位排序',
  `post_desc` varchar(1000) NOT NULL DEFAULT '' COMMENT '岗位描述',
  `del_flag` tinyint(3) NOT NULL DEFAULT '0' COMMENT '0-未删除，1-已删除',
  `create_time` datetime NOT NULL DEFAULT CURRENT_TIMESTAMP COMMENT '创建时间',
  `update_time` datetime NOT NULL DEFAULT CURRENT_TIMESTAMP ON UPDATE CURRENT_TIMESTAMP COMMENT '更新时间',
  `create_by` varchar(50) DEFAULT NULL COMMENT '创建人',
  `update_by` varchar(50) DEFAULT NULL COMMENT '更新人',
  PRIMARY KEY (`post_id`),
  UNIQUE KEY `tenant_id_post_code` (`tenant_id`,`post_code`)
) ENGINE=InnoDB DEFAULT CHARSET=utf8mb4 COMMENT='岗位表';

/*Data for the table `cpms_system_post` */

insert  into `cpms_system_post`(`post_id`,`tenant_id`,`post_name`,`post_code`,`post_sort`,`post_desc`,`del_flag`,`create_time`,`update_time`,`create_by`,`update_by`) values (1450767760723918849,1442414898631729154,'总经理','CEO',20,'公司总经理',0,'2021-10-20 18:16:03','2021-12-05 16:39:08','CS888888','CS888888'),(1464171813491286018,1442414898631729154,'首席技术官','CTO',4,'系统架构设计',0,'2021-11-26 17:58:58','2021-11-26 17:59:20','CS888888','CS888888');

/*Table structure for table `cpms_system_role` */

DROP TABLE IF EXISTS `cpms_system_role`;

CREATE TABLE `cpms_system_role` (
  `role_id` bigint(64) unsigned NOT NULL COMMENT '角色id',
  `tenant_id` bigint(64) NOT NULL COMMENT '租户ID',
  `role_name` varchar(50) NOT NULL DEFAULT '' COMMENT '角色名称',
  `role_code` varchar(50) NOT NULL COMMENT '角色编码',
  `role_desc` varchar(100) DEFAULT NULL COMMENT '角色描述',
  `role_sort` int(11) NOT NULL DEFAULT '0' COMMENT '角色排序',
  `del_flag` tinyint(3) NOT NULL DEFAULT '0' COMMENT '0-未删除，1-已删除',
  `create_time` datetime NOT NULL DEFAULT CURRENT_TIMESTAMP COMMENT '创建时间',
  `update_time` datetime NOT NULL DEFAULT CURRENT_TIMESTAMP ON UPDATE CURRENT_TIMESTAMP COMMENT '更新时间',
  `create_by` varchar(50) DEFAULT NULL COMMENT '创建人',
  `update_by` varchar(50) DEFAULT NULL COMMENT '更新人',
  PRIMARY KEY (`role_id`),
  UNIQUE KEY `tanant_id_role_code` (`tenant_id`,`role_code`)
) ENGINE=InnoDB DEFAULT CHARSET=utf8 COMMENT='系统用户角色表';

/*Data for the table `cpms_system_role` */

insert  into `cpms_system_role`(`role_id`,`tenant_id`,`role_name`,`role_code`,`role_desc`,`role_sort`,`del_flag`,`create_time`,`update_time`,`create_by`,`update_by`) values (1464156988723798018,1442414898631729154,'系统超级管理员','SUPER_ADMINISTRATOR','系统超级管理员',10000,0,'2021-06-13 16:08:23','2021-11-26 17:22:21','CS888888','CS888888'),(1464171409403650049,1442414898631729154,'管理员','ADMINISTRATOR','系统管理员',0,0,'2021-11-26 17:57:22','2021-11-26 17:57:22','CS888888','CS888888');

/*Table structure for table `cpms_system_role_menu` */

DROP TABLE IF EXISTS `cpms_system_role_menu`;

CREATE TABLE `cpms_system_role_menu` (
  `role_menu_id` bigint(64) unsigned NOT NULL AUTO_INCREMENT COMMENT '主键ID',
  `role_id` bigint(64) NOT NULL COMMENT '角色ID',
  `menu_id` bigint(64) NOT NULL COMMENT '菜单ID',
  PRIMARY KEY (`role_menu_id`)
) ENGINE=InnoDB DEFAULT CHARSET=utf8 COMMENT='角色菜单关系表';

/*Data for the table `cpms_system_role_menu` */

/*Table structure for table `cpms_system_role_user` */

DROP TABLE IF EXISTS `cpms_system_role_user`;

CREATE TABLE `cpms_system_role_user` (
  `role_user_id` bigint(64) unsigned NOT NULL AUTO_INCREMENT COMMENT '主键',
  `user_id` bigint(64) NOT NULL COMMENT '用户ID',
  `role_id` bigint(64) NOT NULL COMMENT '角色ID',
  PRIMARY KEY (`role_user_id`),
  KEY `user_id` (`user_id`),
  KEY `role_id` (`role_id`)
) ENGINE=InnoDB AUTO_INCREMENT=1493188317364707331 DEFAULT CHARSET=utf8 COMMENT='系统角色用户关系表';

/*Data for the table `cpms_system_role_user` */

insert  into `cpms_system_role_user`(`role_user_id`,`user_id`,`role_id`) values (1464172420088307713,1437695137926684674,1464156988723798018),(1493188317364707330,1464172420088307713,1464171409403650049);

/*Table structure for table `cpms_system_tenant` */

DROP TABLE IF EXISTS `cpms_system_tenant`;

CREATE TABLE `cpms_system_tenant` (
  `tenant_id` bigint(64) unsigned NOT NULL COMMENT '租户ID，所有的用户都会涉及到这个id',
  `tenant_name` varchar(50) NOT NULL DEFAULT '' COMMENT '租户名称',
  `tenant_code` varchar(50) NOT NULL DEFAULT '' COMMENT '租户编码',
  `contacts` varchar(20) NOT NULL DEFAULT '' COMMENT '联系人',
  `contact_number` varchar(20) NOT NULL DEFAULT '' COMMENT '联系电话',
  `tenant_desc` varchar(1000) DEFAULT '' COMMENT '租户描述',
  `address` varchar(500) NOT NULL DEFAULT '' COMMENT '地址',
  `lease_time_start` datetime NOT NULL DEFAULT CURRENT_TIMESTAMP COMMENT '租赁开始时间',
  `lease_time_end` datetime NOT NULL DEFAULT CURRENT_TIMESTAMP COMMENT '租赁结束时间',
  `account_prefix` varchar(5) DEFAULT NULL COMMENT '账号前缀限制两个大写字母',
  `tenant_status` tinyint(3) NOT NULL DEFAULT '0' COMMENT '0-正常，1-已禁用',
  `del_flag` tinyint(3) NOT NULL DEFAULT '0' COMMENT '0:未删除，1-已删除',
  `create_time` datetime DEFAULT CURRENT_TIMESTAMP COMMENT '创建时间',
  `update_time` datetime DEFAULT CURRENT_TIMESTAMP ON UPDATE CURRENT_TIMESTAMP COMMENT '更新时间',
  `create_by` varchar(50) DEFAULT NULL COMMENT '创建人',
  `update_by` varchar(50) DEFAULT NULL COMMENT '更新人',
  PRIMARY KEY (`tenant_id`),
  UNIQUE KEY `tenant_code` (`tenant_code`)
) ENGINE=InnoDB DEFAULT CHARSET=utf8 COMMENT='租户表';

/*Data for the table `cpms_system_tenant` */

insert  into `cpms_system_tenant`(`tenant_id`,`tenant_name`,`tenant_code`,`contacts`,`contact_number`,`tenant_desc`,`address`,`lease_time_start`,`lease_time_end`,`account_prefix`,`tenant_status`,`del_flag`,`create_time`,`update_time`,`create_by`,`update_by`) values (1442414898631729154,'Cpms软件服务有限公司','CPMS_HEADQUARTERS','cpms','15811111111','Cpms系统软件开发，致力服务于企业软件开发，提供各种互联网软件服务','深圳南山区','2021-09-17 16:41:53','2100-01-01 16:41:53','CS',0,0,'2021-06-13 16:11:43','2022-01-05 19:27:50','CS888888','CS888888');

/*Table structure for table `cpms_system_top_menu` */

DROP TABLE IF EXISTS `cpms_system_top_menu`;

CREATE TABLE `cpms_system_top_menu` (
  `top_menu_id` bigint(64) unsigned NOT NULL,
  `user_id` bigint(64) NOT NULL COMMENT '用户userID',
  `top_menu_name` varchar(50) NOT NULL DEFAULT '' COMMENT '顶部菜单名称',
  `path` varchar(100) NOT NULL DEFAULT '' COMMENT '外链url',
  `relation_menu_ids` text COMMENT '关联菜单ID',
  `icon` varchar(50) DEFAULT NULL COMMENT '菜单图标',
  `type` tinyint(3) NOT NULL DEFAULT '0' COMMENT '0-菜单，1-外链',
  `sort` int(11) NOT NULL DEFAULT '0' COMMENT '排序',
  `del_flag` tinyint(3) NOT NULL DEFAULT '0' COMMENT '0-未删除，1-已删除',
  `create_time` datetime NOT NULL DEFAULT CURRENT_TIMESTAMP COMMENT '创建时间',
  `update_time` datetime NOT NULL DEFAULT CURRENT_TIMESTAMP ON UPDATE CURRENT_TIMESTAMP COMMENT '更新时间',
  `create_by` varchar(50) DEFAULT NULL COMMENT '创建人工号',
  `update_by` varchar(50) DEFAULT NULL COMMENT '更新人工号',
  PRIMARY KEY (`top_menu_id`)
) ENGINE=InnoDB DEFAULT CHARSET=utf8mb4 COMMENT='顶部菜单表';

/*Data for the table `cpms_system_top_menu` */

/*Table structure for table `cpms_system_user` */

DROP TABLE IF EXISTS `cpms_system_user`;

CREATE TABLE `cpms_system_user` (
  `user_id` bigint(64) unsigned NOT NULL,
  `tenant_id` bigint(64) NOT NULL COMMENT '所属租户ID',
  `dept_id` bigint(64) NOT NULL COMMENT '所属部门ID',
  `post_id` bigint(64) DEFAULT NULL COMMENT '所属岗位ID',
  `user_account` varchar(50) NOT NULL COMMENT '用户账号',
  `user_password` varchar(255) CHARACTER SET utf8mb4 NOT NULL COMMENT '用户密码',
  `user_name` varchar(50) CHARACTER SET utf8mb4 NOT NULL COMMENT '用户昵称',
  `user_real_name` varchar(50) NOT NULL DEFAULT '' COMMENT '用户真实姓名',
  `user_status` tinyint(3) NOT NULL DEFAULT '0' COMMENT '0-正常，1-已禁用',
  `user_avatar` varchar(2000) DEFAULT NULL COMMENT '用户头像',
  `user_sex` tinyint(3) unsigned NOT NULL DEFAULT '0' COMMENT '用户性别：0-未知，1-男，2-女',
  `user_birthday` date DEFAULT NULL COMMENT '用户生日日期',
  `user_mobile` varchar(50) DEFAULT NULL COMMENT '用户手机号',
  `sys_data` tinyint(3) unsigned NOT NULL DEFAULT '0' COMMENT '是否系统数据: 0-不是，1-是',
  `del_flag` tinyint(3) unsigned NOT NULL DEFAULT '0' COMMENT '0-未删除，1-已删除',
  `user_login_ip` varchar(20) CHARACTER SET utf8mb4 DEFAULT NULL COMMENT '登录IP地址',
  `last_login_time` datetime DEFAULT NULL COMMENT '最后一次登录时间',
  `create_time` datetime DEFAULT CURRENT_TIMESTAMP COMMENT '创建时间',
  `update_time` datetime DEFAULT CURRENT_TIMESTAMP ON UPDATE CURRENT_TIMESTAMP COMMENT '更新时间',
  `create_by` varchar(50) DEFAULT NULL COMMENT '创建人',
  `update_by` varchar(50) DEFAULT NULL COMMENT '更新人',
  PRIMARY KEY (`user_id`),
  UNIQUE KEY `user_account_idex` (`user_account`),
  KEY `tenant_dept_post_idx` (`tenant_id`,`dept_id`,`post_id`),
  KEY `user_name_idex` (`user_name`)
) ENGINE=InnoDB DEFAULT CHARSET=utf8 COMMENT='系统管理用户表';

/*Data for the table `cpms_system_user` */

insert  into `cpms_system_user`(`user_id`,`tenant_id`,`dept_id`,`post_id`,`user_account`,`user_password`,`user_name`,`user_real_name`,`user_status`,`user_avatar`,`user_sex`,`user_birthday`,`user_mobile`,`sys_data`,`del_flag`,`user_login_ip`,`last_login_time`,`create_time`,`update_time`,`create_by`,`update_by`) values (1437695137926684674,1442414898631729154,1442414898812084225,1450767760723918849,'CS888888','$2a$10$2sQ90igwAqQhEiigMhEjwe4NN8ASSVuEAGRMbbA4GLY1OCZq2nHKG','superAdmin','cpms',0,'https://iconfont.alicdn.com/t/9abd4acd-0b67-4b63-9163-205238a6aab4.png',1,'1991-07-03','15811111111',1,0,'127.0.0.1','2022-02-26 20:02:44','2021-06-13 16:15:34','2022-02-26 20:02:44','CS888888','CS888888'),(1464172420088307713,1442414898631729154,1442429609511301122,1464171813491286018,'CS000002','$2a$10$CpcM3X1PsK1j3DBwGNeNMOenk37TiUt2TQb7zYHADOZqCVUQKKJOq','admin','admin',0,NULL,1,'1991-07-03','15811111111',0,0,'127.0.0.1','2021-12-22 19:15:56','2021-11-26 18:01:23','2022-02-26 12:12:14','CS888888','CS888888');

